toi,name,exofop_url,harps_url
TOI0101,WASP-46,https://exofop.ipac.caltech.edu/tess/target.php?id=TOI-0101,https://www2.mpia-hd.mpg.de/homes/trifonov/GLS/gls.html?fend=1&url=../Ver_02/WASP-46_RVs/WASP-46_HARPS_RVBank_ver02_rvsonly.dat&run
TOI0102,WASP-62,https://exofop.ipac.caltech.edu/tess/target.php?id=TOI-0102,https://www2.mpia-hd.mpg.de/homes/trifonov/GLS/gls.html?fend=1&url=../Ver_02/WASP-62_RVs/WASP-62_HARPS_RVBank_ver02_rvsonly.dat&run
TOI0116,WASP-91,https://exofop.ipac.caltech.edu/tess/target.php?id=TOI-0116,https://www2.mpia-hd.mpg.de/homes/trifonov/GLS/gls.html?fend=1&url=../Ver_02/WASP-91_RVs/WASP-91_HARPS_RVBank_ver02_rvsonly.dat&run
TOI0118,HD219666,https://exofop.ipac.caltech.edu/tess/target.php?id=TOI-0118,https://www2.mpia-hd.mpg.de/homes/trifonov/GLS/gls.html?fend=1&url=../Ver_02/HD219666_RVs/HD219666_HARPS_RVBank_ver02_rvsonly.dat&run
TOI0119,HIP31609,https://exofop.ipac.caltech.edu/tess/target.php?id=TOI-0119,https://www2.mpia-hd.mpg.de/homes/trifonov/GLS/gls.html?fend=1&url=../Ver_02/HIP31609_RVs/HIP31609_HARPS_RVBank_ver02_rvsonly.dat&run
TOI0120,HD1397,https://exofop.ipac.caltech.edu/tess/target.php?id=TOI-0120,https://www2.mpia-hd.mpg.de/homes/trifonov/GLS/gls.html?fend=1&url=../Ver_02/HD1397_RVs/HD1397_HARPS_RVBank_ver02_rvsonly.dat&run
TOI0121,CD-4215773,https://exofop.ipac.caltech.edu/tess/target.php?id=TOI-0121,https://www2.mpia-hd.mpg.de/homes/trifonov/GLS/gls.html?fend=1&url=../Ver_02/CD-4215773_RVs/CD-4215773_HARPS_RVBank_ver02_rvsonly.dat&run
TOI0123,HD202772,https://exofop.ipac.caltech.edu/tess/target.php?id=TOI-0123,https://www2.mpia-hd.mpg.de/homes/trifonov/GLS/gls.html?fend=1&url=../Ver_02/HD202772_RVs/HD202772_HARPS_RVBank_ver02_rvsonly.dat&run
TOI0125,TOI-125,https://exofop.ipac.caltech.edu/tess/target.php?id=TOI-0125,https://www2.mpia-hd.mpg.de/homes/trifonov/GLS/gls.html?fend=1&url=../Ver_02/TOI-125_RVs/TOI-125_HARPS_RVBank_ver02_rvsonly.dat&run
TOI0128,HD36481,https://exofop.ipac.caltech.edu/tess/target.php?id=TOI-0128,https://www2.mpia-hd.mpg.de/homes/trifonov/GLS/gls.html?fend=1&url=../Ver_02/HD36481_RVs/HD36481_HARPS_RVBank_ver02_rvsonly.dat&run
TOI0130,HD5278,https://exofop.ipac.caltech.edu/tess/target.php?id=TOI-0130,https://www2.mpia-hd.mpg.de/homes/trifonov/GLS/gls.html?fend=1&url=../Ver_02/HD5278_RVs/HD5278_HARPS_RVBank_ver02_rvsonly.dat&run
TOI0131,TYC9129-1092-1,https://exofop.ipac.caltech.edu/tess/target.php?id=TOI-0131,https://www2.mpia-hd.mpg.de/homes/trifonov/GLS/gls.html?fend=1&url=../Ver_02/TYC9129-1092-1_RVs/TYC9129-1092-1_HARPS_RVBank_ver02_rvsonly.dat&run
TOI0132,CD-4414956,https://exofop.ipac.caltech.edu/tess/target.php?id=TOI-0132,https://www2.mpia-hd.mpg.de/homes/trifonov/GLS/gls.html?fend=1&url=../Ver_02/CD-4414956_RVs/CD-4414956_HARPS_RVBank_ver02_rvsonly.dat&run
TOI0134,GJ4332,https://exofop.ipac.caltech.edu/tess/target.php?id=TOI-0134,https://www2.mpia-hd.mpg.de/homes/trifonov/GLS/gls.html?fend=1&url=../Ver_02/GJ4332_RVs/GJ4332_HARPS_RVBank_ver02_rvsonly.dat&run
TOI0137,TYC8907-1291-1,https://exofop.ipac.caltech.edu/tess/target.php?id=TOI-0137,https://www2.mpia-hd.mpg.de/homes/trifonov/GLS/gls.html?fend=1&url=../Ver_02/TYC8907-1291-1_RVs/TYC8907-1291-1_HARPS_RVBank_ver02_rvsonly.dat&run
TOI0139,HIP110692,https://exofop.ipac.caltech.edu/tess/target.php?id=TOI-0139,https://www2.mpia-hd.mpg.de/homes/trifonov/GLS/gls.html?fend=1&url=../Ver_02/HIP110692_RVs/HIP110692_HARPS_RVBank_ver02_rvsonly.dat&run
TOI0141,HD213885,https://exofop.ipac.caltech.edu/tess/target.php?id=TOI-0141,https://www2.mpia-hd.mpg.de/homes/trifonov/GLS/gls.html?fend=1&url=../Ver_02/HD213885_RVs/HD213885_HARPS_RVBank_ver02_rvsonly.dat&run
TOI0145,TOI145,https://exofop.ipac.caltech.edu/tess/target.php?id=TOI-0145,https://www2.mpia-hd.mpg.de/homes/trifonov/GLS/gls.html?fend=1&url=../Ver_02/TOI145_RVs/TOI145_HARPS_RVBank_ver02_rvsonly.dat&run
TOI0155,HD203621,https://exofop.ipac.caltech.edu/tess/target.php?id=TOI-0155,https://www2.mpia-hd.mpg.de/homes/trifonov/GLS/gls.html?fend=1&url=../Ver_02/HD203621_RVs/HD203621_HARPS_RVBank_ver02_rvsonly.dat&run
TOI0166,TYC7992-310-1,https://exofop.ipac.caltech.edu/tess/target.php?id=TOI-0166,https://www2.mpia-hd.mpg.de/homes/trifonov/GLS/gls.html?fend=1&url=../Ver_02/TYC7992-310-1_RVs/TYC7992-310-1_HARPS_RVBank_ver02_rvsonly.dat&run
TOI0174,HD23472,https://exofop.ipac.caltech.edu/tess/target.php?id=TOI-0174,https://www2.mpia-hd.mpg.de/homes/trifonov/GLS/gls.html?fend=1&url=../Ver_02/HD23472_RVs/HD23472_HARPS_RVBank_ver02_rvsonly.dat&run
TOI0175,TOI175,https://exofop.ipac.caltech.edu/tess/target.php?id=TOI-0175,https://www2.mpia-hd.mpg.de/homes/trifonov/GLS/gls.html?fend=1&url=../Ver_02/TOI175_RVs/TOI175_HARPS_RVBank_ver02_rvsonly.dat&run
TOI0177,GJ3090,https://exofop.ipac.caltech.edu/tess/target.php?id=TOI-0177,https://www2.mpia-hd.mpg.de/homes/trifonov/GLS/gls.html?fend=1&url=../Ver_02/GJ3090_RVs/GJ3090_HARPS_RVBank_ver02_rvsonly.dat&run
TOI0178,TOI178,https://exofop.ipac.caltech.edu/tess/target.php?id=TOI-0178,https://www2.mpia-hd.mpg.de/homes/trifonov/GLS/gls.html?fend=1&url=../Ver_02/TOI178_RVs/TOI178_HARPS_RVBank_ver02_rvsonly.dat&run
TOI0179,HD18599,https://exofop.ipac.caltech.edu/tess/target.php?id=TOI-0179,https://www2.mpia-hd.mpg.de/homes/trifonov/GLS/gls.html?fend=1&url=../Ver_02/HD18599_RVs/HD18599_HARPS_RVBank_ver02_rvsonly.dat&run
TOI0181,TYC7517-248-1,https://exofop.ipac.caltech.edu/tess/target.php?id=TOI-0181,https://www2.mpia-hd.mpg.de/homes/trifonov/GLS/gls.html?fend=1&url=../Ver_02/TYC7517-248-1_RVs/TYC7517-248-1_HARPS_RVBank_ver02_rvsonly.dat&run
TOI0185,HD10069,https://exofop.ipac.caltech.edu/tess/target.php?id=TOI-0185,https://www2.mpia-hd.mpg.de/homes/trifonov/GLS/gls.html?fend=1&url=../Ver_02/HD10069_RVs/HD10069_HARPS_RVBank_ver02_rvsonly.dat&run
TOI0186,GJ143,https://exofop.ipac.caltech.edu/tess/target.php?id=TOI-0186,https://www2.mpia-hd.mpg.de/homes/trifonov/GLS/gls.html?fend=1&url=../Ver_02/GJ143_RVs/GJ143_HARPS_RVBank_ver02_rvsonly.dat&run
TOI0190,CD-50714,https://exofop.ipac.caltech.edu/tess/target.php?id=TOI-0190,https://www2.mpia-hd.mpg.de/homes/trifonov/GLS/gls.html?fend=1&url=../Ver_02/CD-50714_RVs/CD-50714_HARPS_RVBank_ver02_rvsonly.dat&run
TOI0191,WASP-8,https://exofop.ipac.caltech.edu/tess/target.php?id=TOI-0191,https://www2.mpia-hd.mpg.de/homes/trifonov/GLS/gls.html?fend=1&url=../Ver_02/WASP-8_RVs/WASP-8_HARPS_RVBank_ver02_rvsonly.dat&run
TOI0192,TYC8015-1020-1,https://exofop.ipac.caltech.edu/tess/target.php?id=TOI-0192,https://www2.mpia-hd.mpg.de/homes/trifonov/GLS/gls.html?fend=1&url=../Ver_02/TYC8015-1020-1_RVs/TYC8015-1020-1_HARPS_RVBank_ver02_rvsonly.dat&run
TOI0193,HIP117883,https://exofop.ipac.caltech.edu/tess/target.php?id=TOI-0193,https://www2.mpia-hd.mpg.de/homes/trifonov/GLS/gls.html?fend=1&url=../Ver_02/HIP117883_RVs/HIP117883_HARPS_RVBank_ver02_rvsonly.dat&run
TOI0194,WASP-20,https://exofop.ipac.caltech.edu/tess/target.php?id=TOI-0194,https://www2.mpia-hd.mpg.de/homes/trifonov/GLS/gls.html?fend=1&url=../Ver_02/WASP-20_RVs/WASP-20_HARPS_RVBank_ver02_rvsonly.dat&run
TOI0197,HD221416,https://exofop.ipac.caltech.edu/tess/target.php?id=TOI-0197,https://www2.mpia-hd.mpg.de/homes/trifonov/GLS/gls.html?fend=1&url=../Ver_02/HD221416_RVs/HD221416_HARPS_RVBank_ver02_rvsonly.dat&run
TOI0199,CD-601144,https://exofop.ipac.caltech.edu/tess/target.php?id=TOI-0199,https://www2.mpia-hd.mpg.de/homes/trifonov/GLS/gls.html?fend=1&url=../Ver_02/CD-601144_RVs/CD-601144_HARPS_RVBank_ver02_rvsonly.dat&run
TOI0200,HD222259A,https://exofop.ipac.caltech.edu/tess/target.php?id=TOI-0200,https://www2.mpia-hd.mpg.de/homes/trifonov/GLS/gls.html?fend=1&url=../Ver_02/HD222259A_RVs/HD222259A_HARPS_RVBank_ver02_rvsonly.dat&run
TOI0201,HD39474,https://exofop.ipac.caltech.edu/tess/target.php?id=TOI-0201,https://www2.mpia-hd.mpg.de/homes/trifonov/GLS/gls.html?fend=1&url=../Ver_02/HD39474_RVs/HD39474_HARPS_RVBank_ver02_rvsonly.dat&run
TOI0205,CD-57105,https://exofop.ipac.caltech.edu/tess/target.php?id=TOI-0205,https://www2.mpia-hd.mpg.de/homes/trifonov/GLS/gls.html?fend=1&url=../Ver_02/CD-57105_RVs/CD-57105_HARPS_RVBank_ver02_rvsonly.dat&run
TOI0209,TOI-209,https://exofop.ipac.caltech.edu/tess/target.php?id=TOI-0209,https://www2.mpia-hd.mpg.de/homes/trifonov/GLS/gls.html?fend=1&url=../Ver_02/TOI-209_RVs/TOI-209_HARPS_RVBank_ver02_rvsonly.dat&run
TOI0214,HD48611,https://exofop.ipac.caltech.edu/tess/target.php?id=TOI-0214,https://www2.mpia-hd.mpg.de/homes/trifonov/GLS/gls.html?fend=1&url=../Ver_02/HD48611_RVs/HD48611_HARPS_RVBank_ver02_rvsonly.dat&run
TOI0216,TOI-216,https://exofop.ipac.caltech.edu/tess/target.php?id=TOI-0216,https://www2.mpia-hd.mpg.de/homes/trifonov/GLS/gls.html?fend=1&url=../Ver_02/TOI-216_RVs/TOI-216_HARPS_RVBank_ver02_rvsonly.dat&run
TOI0220,CD-611276,https://exofop.ipac.caltech.edu/tess/target.php?id=TOI-0220,https://www2.mpia-hd.mpg.de/homes/trifonov/GLS/gls.html?fend=1&url=../Ver_02/CD-611276_RVs/CD-611276_HARPS_RVBank_ver02_rvsonly.dat&run
TOI0229,WASP-45,https://exofop.ipac.caltech.edu/tess/target.php?id=TOI-0229,https://www2.mpia-hd.mpg.de/homes/trifonov/GLS/gls.html?fend=1&url=../Ver_02/WASP-45_RVs/WASP-45_HARPS_RVBank_ver02_rvsonly.dat&run
TOI0231,WASP-6,https://exofop.ipac.caltech.edu/tess/target.php?id=TOI-0231,https://www2.mpia-hd.mpg.de/homes/trifonov/GLS/gls.html?fend=1&url=../Ver_02/WASP-6_RVs/WASP-6_HARPS_RVBank_ver02_rvsonly.dat&run
TOI0232,WASP-4,https://exofop.ipac.caltech.edu/tess/target.php?id=TOI-0232,https://www2.mpia-hd.mpg.de/homes/trifonov/GLS/gls.html?fend=1&url=../Ver_02/WASP-4_RVs/WASP-4_HARPS_RVBank_ver02_rvsonly.dat&run
TOI0238,TYC6398-132-1,https://exofop.ipac.caltech.edu/tess/target.php?id=TOI-0238,https://www2.mpia-hd.mpg.de/homes/trifonov/GLS/gls.html?fend=1&url=../Ver_02/TYC6398-132-1_RVs/TYC6398-132-1_HARPS_RVBank_ver02_rvsonly.dat&run
TOI0239,WASP-30,https://exofop.ipac.caltech.edu/tess/target.php?id=TOI-0239,https://www2.mpia-hd.mpg.de/homes/trifonov/GLS/gls.html?fend=1&url=../Ver_02/WASP-30_RVs/WASP-30_HARPS_RVBank_ver02_rvsonly.dat&run
TOI0241,CD-3515858,https://exofop.ipac.caltech.edu/tess/target.php?id=TOI-0241,https://www2.mpia-hd.mpg.de/homes/trifonov/GLS/gls.html?fend=1&url=../Ver_02/CD-3515858_RVs/CD-3515858_HARPS_RVBank_ver02_rvsonly.dat&run
TOI0244,GJ1018,https://exofop.ipac.caltech.edu/tess/target.php?id=TOI-0244,https://www2.mpia-hd.mpg.de/homes/trifonov/GLS/gls.html?fend=1&url=../Ver_02/GJ1018_RVs/GJ1018_HARPS_RVBank_ver02_rvsonly.dat&run
TOI0246,WASP-105,https://exofop.ipac.caltech.edu/tess/target.php?id=TOI-0246,https://www2.mpia-hd.mpg.de/homes/trifonov/GLS/gls.html?fend=1&url=../Ver_02/WASP-105_RVs/WASP-105_HARPS_RVBank_ver02_rvsonly.dat&run
TOI0248,HD14499,https://exofop.ipac.caltech.edu/tess/target.php?id=TOI-0248,https://www2.mpia-hd.mpg.de/homes/trifonov/GLS/gls.html?fend=1&url=../Ver_02/HD14499_RVs/HD14499_HARPS_RVBank_ver02_rvsonly.dat&run
TOI0253,HIP4468,https://exofop.ipac.caltech.edu/tess/target.php?id=TOI-0253,https://www2.mpia-hd.mpg.de/homes/trifonov/GLS/gls.html?fend=1&url=../Ver_02/HIP4468_RVs/HIP4468_HARPS_RVBank_ver02_rvsonly.dat&run
TOI0257,HD19916,https://exofop.ipac.caltech.edu/tess/target.php?id=TOI-0257,https://www2.mpia-hd.mpg.de/homes/trifonov/GLS/gls.html?fend=1&url=../Ver_02/HD19916_RVs/HD19916_HARPS_RVBank_ver02_rvsonly.dat&run
TOI0259,WASP-44,https://exofop.ipac.caltech.edu/tess/target.php?id=TOI-0259,https://www2.mpia-hd.mpg.de/homes/trifonov/GLS/gls.html?fend=1&url=../Ver_02/WASP-44_RVs/WASP-44_HARPS_RVBank_ver02_rvsonly.dat&run
TOI0260,GJ1008,https://exofop.ipac.caltech.edu/tess/target.php?id=TOI-0260,https://www2.mpia-hd.mpg.de/homes/trifonov/GLS/gls.html?fend=1&url=../Ver_02/GJ1008_RVs/GJ1008_HARPS_RVBank_ver02_rvsonly.dat&run
TOI0261,HD5976,https://exofop.ipac.caltech.edu/tess/target.php?id=TOI-0261,https://www2.mpia-hd.mpg.de/homes/trifonov/GLS/gls.html?fend=1&url=../Ver_02/HD5976_RVs/HD5976_HARPS_RVBank_ver02_rvsonly.dat&run
TOI0267,WASP-99,https://exofop.ipac.caltech.edu/tess/target.php?id=TOI-0267,https://www2.mpia-hd.mpg.de/homes/trifonov/GLS/gls.html?fend=1&url=../Ver_02/WASP-99_RVs/WASP-99_HARPS_RVBank_ver02_rvsonly.dat&run
TOI0269,TOI-269,https://exofop.ipac.caltech.edu/tess/target.php?id=TOI-0269,https://www2.mpia-hd.mpg.de/homes/trifonov/GLS/gls.html?fend=1&url=../Ver_02/TOI-269_RVs/TOI-269_HARPS_RVBank_ver02_rvsonly.dat&run
TOI0271,HD30219,https://exofop.ipac.caltech.edu/tess/target.php?id=TOI-0271,https://www2.mpia-hd.mpg.de/homes/trifonov/GLS/gls.html?fend=1&url=../Ver_02/HD30219_RVs/HD30219_HARPS_RVBank_ver02_rvsonly.dat&run
TOI0282,HD28109,https://exofop.ipac.caltech.edu/tess/target.php?id=TOI-0282,https://www2.mpia-hd.mpg.de/homes/trifonov/GLS/gls.html?fend=1&url=../Ver_02/HD28109_RVs/HD28109_HARPS_RVBank_ver02_rvsonly.dat&run
TOI0286,CD-601348,https://exofop.ipac.caltech.edu/tess/target.php?id=TOI-0286,https://www2.mpia-hd.mpg.de/homes/trifonov/GLS/gls.html?fend=1&url=../Ver_02/CD-601348_RVs/CD-601348_HARPS_RVBank_ver02_rvsonly.dat&run
TOI0294,HATS-72,https://exofop.ipac.caltech.edu/tess/target.php?id=TOI-0294,https://www2.mpia-hd.mpg.de/homes/trifonov/GLS/gls.html?fend=1&url=../Ver_02/HATS-72_RVs/HATS-72_HARPS_RVBank_ver02_rvsonly.dat&run
TOI0338,TYC7528-890-1,https://exofop.ipac.caltech.edu/tess/target.php?id=TOI-0338,https://www2.mpia-hd.mpg.de/homes/trifonov/GLS/gls.html?fend=1&url=../Ver_02/TYC7528-890-1_RVs/TYC7528-890-1_HARPS_RVBank_ver02_rvsonly.dat&run
TOI0347,TYC7521-99-1,https://exofop.ipac.caltech.edu/tess/target.php?id=TOI-0347,https://www2.mpia-hd.mpg.de/homes/trifonov/GLS/gls.html?fend=1&url=../Ver_02/TYC7521-99-1_RVs/TYC7521-99-1_HARPS_RVBank_ver02_rvsonly.dat&run
TOI0355,TOI-355,https://exofop.ipac.caltech.edu/tess/target.php?id=TOI-0355,https://www2.mpia-hd.mpg.de/homes/trifonov/GLS/gls.html?fend=1&url=../Ver_02/TOI-355_RVs/TOI-355_HARPS_RVBank_ver02_rvsonly.dat&run
TOI0388,TYC30-116-1,https://exofop.ipac.caltech.edu/tess/target.php?id=TOI-0388,https://www2.mpia-hd.mpg.de/homes/trifonov/GLS/gls.html?fend=1&url=../Ver_02/TYC30-116-1_RVs/TYC30-116-1_HARPS_RVBank_ver02_rvsonly.dat&run
TOI0391,TYC5290-462-1,https://exofop.ipac.caltech.edu/tess/target.php?id=TOI-0391,https://www2.mpia-hd.mpg.de/homes/trifonov/GLS/gls.html?fend=1&url=../Ver_02/TYC5290-462-1_RVs/TYC5290-462-1_HARPS_RVBank_ver02_rvsonly.dat&run
TOI0392,HD19463,https://exofop.ipac.caltech.edu/tess/target.php?id=TOI-0392,https://www2.mpia-hd.mpg.de/homes/trifonov/GLS/gls.html?fend=1&url=../Ver_02/HD19463_RVs/HD19463_HARPS_RVBank_ver02_rvsonly.dat&run
TOI0396,HD17926,https://exofop.ipac.caltech.edu/tess/target.php?id=TOI-0396,https://www2.mpia-hd.mpg.de/homes/trifonov/GLS/gls.html?fend=1&url=../Ver_02/HD17926_RVs/HD17926_HARPS_RVBank_ver02_rvsonly.dat&run
TOI0398,BD-07436B,https://exofop.ipac.caltech.edu/tess/target.php?id=TOI-0398,https://www2.mpia-hd.mpg.de/homes/trifonov/GLS/gls.html?fend=1&url=../Ver_02/BD-07436B_RVs/BD-07436B_HARPS_RVBank_ver02_rvsonly.dat&run
TOI0402,HD15337,https://exofop.ipac.caltech.edu/tess/target.php?id=TOI-0402,https://www2.mpia-hd.mpg.de/homes/trifonov/GLS/gls.html?fend=1&url=../Ver_02/HD15337_RVs/HD15337_HARPS_RVBank_ver02_rvsonly.dat&run
TOI0403,WASP-22,https://exofop.ipac.caltech.edu/tess/target.php?id=TOI-0403,https://www2.mpia-hd.mpg.de/homes/trifonov/GLS/gls.html?fend=1&url=../Ver_02/WASP-22_RVs/WASP-22_HARPS_RVBank_ver02_rvsonly.dat&run
TOI0404,WASP-98,https://exofop.ipac.caltech.edu/tess/target.php?id=TOI-0404,https://www2.mpia-hd.mpg.de/homes/trifonov/GLS/gls.html?fend=1&url=../Ver_02/WASP-98_RVs/WASP-98_HARPS_RVBank_ver02_rvsonly.dat&run
TOI0413,CD-301812,https://exofop.ipac.caltech.edu/tess/target.php?id=TOI-0413,https://www2.mpia-hd.mpg.de/homes/trifonov/GLS/gls.html?fend=1&url=../Ver_02/CD-301812_RVs/CD-301812_HARPS_RVBank_ver02_rvsonly.dat&run
TOI0415,CD-461323,https://exofop.ipac.caltech.edu/tess/target.php?id=TOI-0415,https://www2.mpia-hd.mpg.de/homes/trifonov/GLS/gls.html?fend=1&url=../Ver_02/CD-461323_RVs/CD-461323_HARPS_RVBank_ver02_rvsonly.dat&run
TOI0418,BD-20761,https://exofop.ipac.caltech.edu/tess/target.php?id=TOI-0418,https://www2.mpia-hd.mpg.de/homes/trifonov/GLS/gls.html?fend=1&url=../Ver_02/BD-20761_RVs/BD-20761_HARPS_RVBank_ver02_rvsonly.dat&run
TOI0421,BD-141137,https://exofop.ipac.caltech.edu/tess/target.php?id=TOI-0421,https://www2.mpia-hd.mpg.de/homes/trifonov/GLS/gls.html?fend=1&url=../Ver_02/BD-141137_RVs/BD-141137_HARPS_RVBank_ver02_rvsonly.dat&run
TOI0423,WASP-35,https://exofop.ipac.caltech.edu/tess/target.php?id=TOI-0423,https://www2.mpia-hd.mpg.de/homes/trifonov/GLS/gls.html?fend=1&url=../Ver_02/WASP-35_RVs/WASP-35_HARPS_RVBank_ver02_rvsonly.dat&run
TOI0431,HIP26013,https://exofop.ipac.caltech.edu/tess/target.php?id=TOI-0431,https://www2.mpia-hd.mpg.de/homes/trifonov/GLS/gls.html?fend=1&url=../Ver_02/HIP26013_RVs/HIP26013_HARPS_RVBank_ver02_rvsonly.dat&run
TOI0439,WASP-61,https://exofop.ipac.caltech.edu/tess/target.php?id=TOI-0439,https://www2.mpia-hd.mpg.de/homes/trifonov/GLS/gls.html?fend=1&url=../Ver_02/WASP-61_RVs/WASP-61_HARPS_RVBank_ver02_rvsonly.dat&run
TOI0447,HD33512,https://exofop.ipac.caltech.edu/tess/target.php?id=TOI-0447,https://www2.mpia-hd.mpg.de/homes/trifonov/GLS/gls.html?fend=1&url=../Ver_02/HD33512_RVs/HD33512_HARPS_RVBank_ver02_rvsonly.dat&run
TOI0449,TYC5889-271-1,https://exofop.ipac.caltech.edu/tess/target.php?id=TOI-0449,https://www2.mpia-hd.mpg.de/homes/trifonov/GLS/gls.html?fend=1&url=../Ver_02/TYC5889-271-1_RVs/TYC5889-271-1_HARPS_RVBank_ver02_rvsonly.dat&run
TOI0451,CD-381467,https://exofop.ipac.caltech.edu/tess/target.php?id=TOI-0451,https://www2.mpia-hd.mpg.de/homes/trifonov/GLS/gls.html?fend=1&url=../Ver_02/CD-381467_RVs/CD-381467_HARPS_RVBank_ver02_rvsonly.dat&run
TOI0455,GJ3193,https://exofop.ipac.caltech.edu/tess/target.php?id=TOI-0455,https://www2.mpia-hd.mpg.de/homes/trifonov/GLS/gls.html?fend=1&url=../Ver_02/GJ3193_RVs/GJ3193_HARPS_RVBank_ver02_rvsonly.dat&run
TOI0461,HD15906,https://exofop.ipac.caltech.edu/tess/target.php?id=TOI-0461,https://www2.mpia-hd.mpg.de/homes/trifonov/GLS/gls.html?fend=1&url=../Ver_02/HD15906_RVs/HD15906_HARPS_RVBank_ver02_rvsonly.dat&run
TOI0465,WASP-156,https://exofop.ipac.caltech.edu/tess/target.php?id=TOI-0465,https://www2.mpia-hd.mpg.de/homes/trifonov/GLS/gls.html?fend=1&url=../Ver_02/WASP-156_RVs/WASP-156_HARPS_RVBank_ver02_rvsonly.dat&run
TOI0468,HATS-6,https://exofop.ipac.caltech.edu/tess/target.php?id=TOI-0468,https://www2.mpia-hd.mpg.de/homes/trifonov/GLS/gls.html?fend=1&url=../Ver_02/HATS-6_RVs/HATS-6_HARPS_RVBank_ver02_rvsonly.dat&run
TOI0469,HD42813,https://exofop.ipac.caltech.edu/tess/target.php?id=TOI-0469,https://www2.mpia-hd.mpg.de/homes/trifonov/GLS/gls.html?fend=1&url=../Ver_02/HD42813_RVs/HD42813_HARPS_RVBank_ver02_rvsonly.dat&run
TOI0471,WASP-101,https://exofop.ipac.caltech.edu/tess/target.php?id=TOI-0471,https://www2.mpia-hd.mpg.de/homes/trifonov/GLS/gls.html?fend=1&url=../Ver_02/WASP-101_RVs/WASP-101_HARPS_RVBank_ver02_rvsonly.dat&run
TOI0488,GJ3473,https://exofop.ipac.caltech.edu/tess/target.php?id=TOI-0488,https://www2.mpia-hd.mpg.de/homes/trifonov/GLS/gls.html?fend=1&url=../Ver_02/GJ3473_RVs/GJ3473_HARPS_RVBank_ver02_rvsonly.dat&run
TOI0495,WASP-121,https://exofop.ipac.caltech.edu/tess/target.php?id=TOI-0495,https://www2.mpia-hd.mpg.de/homes/trifonov/GLS/gls.html?fend=1&url=../Ver_02/WASP-121_RVs/WASP-121_HARPS_RVBank_ver02_rvsonly.dat&run
TOI0499,TOI-499,https://exofop.ipac.caltech.edu/tess/target.php?id=TOI-0499,https://www2.mpia-hd.mpg.de/homes/trifonov/GLS/gls.html?fend=1&url=../Ver_02/TOI-499_RVs/TOI-499_HARPS_RVBank_ver02_rvsonly.dat&run
TOI0500,GJ9224,https://exofop.ipac.caltech.edu/tess/target.php?id=TOI-0500,https://www2.mpia-hd.mpg.de/homes/trifonov/GLS/gls.html?fend=1&url=../Ver_02/GJ9224_RVs/GJ9224_HARPS_RVBank_ver02_rvsonly.dat&run
TOI0502,TYC6520-198-1,https://exofop.ipac.caltech.edu/tess/target.php?id=TOI-0502,https://www2.mpia-hd.mpg.de/homes/trifonov/GLS/gls.html?fend=1&url=../Ver_02/TYC6520-198-1_RVs/TYC6520-198-1_HARPS_RVBank_ver02_rvsonly.dat&run
TOI0510,HD52758A,https://exofop.ipac.caltech.edu/tess/target.php?id=TOI-0510,https://www2.mpia-hd.mpg.de/homes/trifonov/GLS/gls.html?fend=1&url=../Ver_02/HD52758A_RVs/HD52758A_HARPS_RVBank_ver02_rvsonly.dat&run
TOI0522,HD69789,https://exofop.ipac.caltech.edu/tess/target.php?id=TOI-0522,https://www2.mpia-hd.mpg.de/homes/trifonov/GLS/gls.html?fend=1&url=../Ver_02/HD69789_RVs/HD69789_HARPS_RVBank_ver02_rvsonly.dat&run
TOI0544,HD290498,https://exofop.ipac.caltech.edu/tess/target.php?id=TOI-0544,https://www2.mpia-hd.mpg.de/homes/trifonov/GLS/gls.html?fend=1&url=../Ver_02/HD290498_RVs/HD290498_HARPS_RVBank_ver02_rvsonly.dat&run
TOI0560,GJ313,https://exofop.ipac.caltech.edu/tess/target.php?id=TOI-0560,https://www2.mpia-hd.mpg.de/homes/trifonov/GLS/gls.html?fend=1&url=../Ver_02/GJ313_RVs/GJ313_HARPS_RVBank_ver02_rvsonly.dat&run
TOI0567,WASP-36,https://exofop.ipac.caltech.edu/tess/target.php?id=TOI-0567,https://www2.mpia-hd.mpg.de/homes/trifonov/GLS/gls.html?fend=1&url=../Ver_02/WASP-36_RVs/WASP-36_HARPS_RVBank_ver02_rvsonly.dat&run
TOI0570,TOI-570,https://exofop.ipac.caltech.edu/tess/target.php?id=TOI-0570,https://www2.mpia-hd.mpg.de/homes/trifonov/GLS/gls.html?fend=1&url=../Ver_02/TOI-570_RVs/TOI-570_HARPS_RVBank_ver02_rvsonly.dat&run
TOI0576,BD-202976,https://exofop.ipac.caltech.edu/tess/target.php?id=TOI-0576,https://www2.mpia-hd.mpg.de/homes/trifonov/GLS/gls.html?fend=1&url=../Ver_02/BD-202976_RVs/BD-202976_HARPS_RVBank_ver02_rvsonly.dat&run
TOI0585,HD76859,https://exofop.ipac.caltech.edu/tess/target.php?id=TOI-0585,https://www2.mpia-hd.mpg.de/homes/trifonov/GLS/gls.html?fend=1&url=../Ver_02/HD76859_RVs/HD76859_HARPS_RVBank_ver02_rvsonly.dat&run
TOI0602,TYC7118-2550-1,https://exofop.ipac.caltech.edu/tess/target.php?id=TOI-0602,https://www2.mpia-hd.mpg.de/homes/trifonov/GLS/gls.html?fend=1&url=../Ver_02/TYC7118-2550-1_RVs/TYC7118-2550-1_HARPS_RVBank_ver02_rvsonly.dat&run
TOI0603,BD+062168,https://exofop.ipac.caltech.edu/tess/target.php?id=TOI-0603,https://www2.mpia-hd.mpg.de/homes/trifonov/GLS/gls.html?fend=1&url=../Ver_02/BD+062168_RVs/BD+062168_HARPS_RVBank_ver02_rvsonly.dat&run
TOI0618,TYC7644-2302-1,https://exofop.ipac.caltech.edu/tess/target.php?id=TOI-0618,https://www2.mpia-hd.mpg.de/homes/trifonov/GLS/gls.html?fend=1&url=../Ver_02/TYC7644-2302-1_RVs/TYC7644-2302-1_HARPS_RVBank_ver02_rvsonly.dat&run
TOI0641,CD-234300,https://exofop.ipac.caltech.edu/tess/target.php?id=TOI-0641,https://www2.mpia-hd.mpg.de/homes/trifonov/GLS/gls.html?fend=1&url=../Ver_02/CD-234300_RVs/CD-234300_HARPS_RVBank_ver02_rvsonly.dat&run
TOI0652,HD86226,https://exofop.ipac.caltech.edu/tess/target.php?id=TOI-0652,https://www2.mpia-hd.mpg.de/homes/trifonov/GLS/gls.html?fend=1&url=../Ver_02/HD86226_RVs/HD86226_HARPS_RVBank_ver02_rvsonly.dat&run
TOI0655,WASP-19,https://exofop.ipac.caltech.edu/tess/target.php?id=TOI-0655,https://www2.mpia-hd.mpg.de/homes/trifonov/GLS/gls.html?fend=1&url=../Ver_02/WASP-19_RVs/WASP-19_HARPS_RVBank_ver02_rvsonly.dat&run
TOI0656,WASP-43,https://exofop.ipac.caltech.edu/tess/target.php?id=TOI-0656,https://www2.mpia-hd.mpg.de/homes/trifonov/GLS/gls.html?fend=1&url=../Ver_02/WASP-43_RVs/WASP-43_HARPS_RVBank_ver02_rvsonly.dat&run
TOI0660,TYC4927-1063-1,https://exofop.ipac.caltech.edu/tess/target.php?id=TOI-0660,https://www2.mpia-hd.mpg.de/homes/trifonov/GLS/gls.html?fend=1&url=../Ver_02/TYC4927-1063-1_RVs/TYC4927-1063-1_HARPS_RVBank_ver02_rvsonly.dat&run
TOI0664,HD93396,https://exofop.ipac.caltech.edu/tess/target.php?id=TOI-0664,https://www2.mpia-hd.mpg.de/homes/trifonov/GLS/gls.html?fend=1&url=../Ver_02/HD93396_RVs/HD93396_HARPS_RVBank_ver02_rvsonly.dat&run
TOI0668,TYC7716-1898-1,https://exofop.ipac.caltech.edu/tess/target.php?id=TOI-0668,https://www2.mpia-hd.mpg.de/homes/trifonov/GLS/gls.html?fend=1&url=../Ver_02/TYC7716-1898-1_RVs/TYC7716-1898-1_HARPS_RVBank_ver02_rvsonly.dat&run
TOI0674,TOI-674,https://exofop.ipac.caltech.edu/tess/target.php?id=TOI-0674,https://www2.mpia-hd.mpg.de/homes/trifonov/GLS/gls.html?fend=1&url=../Ver_02/TOI-674_RVs/TOI-674_HARPS_RVBank_ver02_rvsonly.dat&run
TOI0675,WASP-127,https://exofop.ipac.caltech.edu/tess/target.php?id=TOI-0675,https://www2.mpia-hd.mpg.de/homes/trifonov/GLS/gls.html?fend=1&url=../Ver_02/WASP-127_RVs/WASP-127_HARPS_RVBank_ver02_rvsonly.dat&run
TOI0680,HIP58234,https://exofop.ipac.caltech.edu/tess/target.php?id=TOI-0680,https://www2.mpia-hd.mpg.de/homes/trifonov/GLS/gls.html?fend=1&url=../Ver_02/HIP58234_RVs/HIP58234_HARPS_RVBank_ver02_rvsonly.dat&run
TOI0683,WASP-31,https://exofop.ipac.caltech.edu/tess/target.php?id=TOI-0683,https://www2.mpia-hd.mpg.de/homes/trifonov/GLS/gls.html?fend=1&url=../Ver_02/WASP-31_RVs/WASP-31_HARPS_RVBank_ver02_rvsonly.dat&run
TOI0685,BD+012494,https://exofop.ipac.caltech.edu/tess/target.php?id=TOI-0685,https://www2.mpia-hd.mpg.de/homes/trifonov/GLS/gls.html?fend=1&url=../Ver_02/BD+012494_RVs/BD+012494_HARPS_RVBank_ver02_rvsonly.dat&run
TOI0697,CD-361818,https://exofop.ipac.caltech.edu/tess/target.php?id=TOI-0697,https://www2.mpia-hd.mpg.de/homes/trifonov/GLS/gls.html?fend=1&url=../Ver_02/CD-361818_RVs/CD-361818_HARPS_RVBank_ver02_rvsonly.dat&run
TOI0700,TOI-700,https://exofop.ipac.caltech.edu/tess/target.php?id=TOI-0700,https://www2.mpia-hd.mpg.de/homes/trifonov/GLS/gls.html?fend=1&url=../Ver_02/TOI-700_RVs/TOI-700_HARPS_RVBank_ver02_rvsonly.dat&run
TOI0744,WASP-34,https://exofop.ipac.caltech.edu/tess/target.php?id=TOI-0744,https://www2.mpia-hd.mpg.de/homes/trifonov/GLS/gls.html?fend=1&url=../Ver_02/WASP-34_RVs/WASP-34_HARPS_RVBank_ver02_rvsonly.dat&run
TOI0745,TYC8602-1360-1,https://exofop.ipac.caltech.edu/tess/target.php?id=TOI-0745,https://www2.mpia-hd.mpg.de/homes/trifonov/GLS/gls.html?fend=1&url=../Ver_02/TYC8602-1360-1_RVs/TYC8602-1360-1_HARPS_RVBank_ver02_rvsonly.dat&run
TOI0747,TYC8633-394-1,https://exofop.ipac.caltech.edu/tess/target.php?id=TOI-0747,https://www2.mpia-hd.mpg.de/homes/trifonov/GLS/gls.html?fend=1&url=../Ver_02/TYC8633-394-1_RVs/TYC8633-394-1_HARPS_RVBank_ver02_rvsonly.dat&run
TOI0748,CD-348618,https://exofop.ipac.caltech.edu/tess/target.php?id=TOI-0748,https://www2.mpia-hd.mpg.de/homes/trifonov/GLS/gls.html?fend=1&url=../Ver_02/CD-348618_RVs/CD-348618_HARPS_RVBank_ver02_rvsonly.dat&run
TOI0752,WASP-129,https://exofop.ipac.caltech.edu/tess/target.php?id=TOI-0752,https://www2.mpia-hd.mpg.de/homes/trifonov/GLS/gls.html?fend=1&url=../Ver_02/WASP-129_RVs/WASP-129_HARPS_RVBank_ver02_rvsonly.dat&run
TOI0755,HD110113,https://exofop.ipac.caltech.edu/tess/target.php?id=TOI-0755,https://www2.mpia-hd.mpg.de/homes/trifonov/GLS/gls.html?fend=1&url=../Ver_02/HD110113_RVs/HD110113_HARPS_RVBank_ver02_rvsonly.dat&run
TOI0757,CD-348236,https://exofop.ipac.caltech.edu/tess/target.php?id=TOI-0757,https://www2.mpia-hd.mpg.de/homes/trifonov/GLS/gls.html?fend=1&url=../Ver_02/CD-348236_RVs/CD-348236_HARPS_RVBank_ver02_rvsonly.dat&run
TOI0759,TYC7730-223-1,https://exofop.ipac.caltech.edu/tess/target.php?id=TOI-0759,https://www2.mpia-hd.mpg.de/homes/trifonov/GLS/gls.html?fend=1&url=../Ver_02/TYC7730-223-1_RVs/TYC7730-223-1_HARPS_RVBank_ver02_rvsonly.dat&run
TOI0763,CD-397945,https://exofop.ipac.caltech.edu/tess/target.php?id=TOI-0763,https://www2.mpia-hd.mpg.de/homes/trifonov/GLS/gls.html?fend=1&url=../Ver_02/CD-397945_RVs/CD-397945_HARPS_RVBank_ver02_rvsonly.dat&run
TOI0767,WASP-25,https://exofop.ipac.caltech.edu/tess/target.php?id=TOI-0767,https://www2.mpia-hd.mpg.de/homes/trifonov/GLS/gls.html?fend=1&url=../Ver_02/WASP-25_RVs/WASP-25_HARPS_RVBank_ver02_rvsonly.dat&run
TOI0769,WASP-42,https://exofop.ipac.caltech.edu/tess/target.php?id=TOI-0769,https://www2.mpia-hd.mpg.de/homes/trifonov/GLS/gls.html?fend=1&url=../Ver_02/WASP-42_RVs/WASP-42_HARPS_RVBank_ver02_rvsonly.dat&run
TOI0772,TYC6110-1007-1,https://exofop.ipac.caltech.edu/tess/target.php?id=TOI-0772,https://www2.mpia-hd.mpg.de/homes/trifonov/GLS/gls.html?fend=1&url=../Ver_02/TYC6110-1007-1_RVs/TYC6110-1007-1_HARPS_RVBank_ver02_rvsonly.dat&run
TOI0774,WASP-55,https://exofop.ipac.caltech.edu/tess/target.php?id=TOI-0774,https://www2.mpia-hd.mpg.de/homes/trifonov/GLS/gls.html?fend=1&url=../Ver_02/WASP-55_RVs/WASP-55_HARPS_RVBank_ver02_rvsonly.dat&run
TOI0776,TOI-776,https://exofop.ipac.caltech.edu/tess/target.php?id=TOI-0776,https://www2.mpia-hd.mpg.de/homes/trifonov/GLS/gls.html?fend=1&url=../Ver_02/TOI-776_RVs/TOI-776_HARPS_RVBank_ver02_rvsonly.dat&run
TOI0780,WASP-41,https://exofop.ipac.caltech.edu/tess/target.php?id=TOI-0780,https://www2.mpia-hd.mpg.de/homes/trifonov/GLS/gls.html?fend=1&url=../Ver_02/WASP-41_RVs/WASP-41_HARPS_RVBank_ver02_rvsonly.dat&run
TOI0813,CD-61970,https://exofop.ipac.caltech.edu/tess/target.php?id=TOI-0813,https://www2.mpia-hd.mpg.de/homes/trifonov/GLS/gls.html?fend=1&url=../Ver_02/CD-61970_RVs/CD-61970_HARPS_RVBank_ver02_rvsonly.dat&run
TOI0818,WASP-16,https://exofop.ipac.caltech.edu/tess/target.php?id=TOI-0818,https://www2.mpia-hd.mpg.de/homes/trifonov/GLS/gls.html?fend=1&url=../Ver_02/WASP-16_RVs/WASP-16_HARPS_RVBank_ver02_rvsonly.dat&run
TOI0819,HATS-17,https://exofop.ipac.caltech.edu/tess/target.php?id=TOI-0819,https://www2.mpia-hd.mpg.de/homes/trifonov/GLS/gls.html?fend=1&url=../Ver_02/HATS-17_RVs/HATS-17_HARPS_RVBank_ver02_rvsonly.dat&run
TOI0820,CD-3110766,https://exofop.ipac.caltech.edu/tess/target.php?id=TOI-0820,https://www2.mpia-hd.mpg.de/homes/trifonov/GLS/gls.html?fend=1&url=../Ver_02/CD-3110766_RVs/CD-3110766_HARPS_RVBank_ver02_rvsonly.dat&run
TOI0822,WASP-132,https://exofop.ipac.caltech.edu/tess/target.php?id=TOI-0822,https://www2.mpia-hd.mpg.de/homes/trifonov/GLS/gls.html?fend=1&url=../Ver_02/WASP-132_RVs/WASP-132_HARPS_RVBank_ver02_rvsonly.dat&run
TOI0823,TOI-823,https://exofop.ipac.caltech.edu/tess/target.php?id=TOI-0823,https://www2.mpia-hd.mpg.de/homes/trifonov/GLS/gls.html?fend=1&url=../Ver_02/TOI-823_RVs/TOI-823_HARPS_RVBank_ver02_rvsonly.dat&run
TOI0826,WASP-130,https://exofop.ipac.caltech.edu/tess/target.php?id=TOI-0826,https://www2.mpia-hd.mpg.de/homes/trifonov/GLS/gls.html?fend=1&url=../Ver_02/WASP-130_RVs/WASP-130_HARPS_RVBank_ver02_rvsonly.dat&run
TOI0828,HD122173,https://exofop.ipac.caltech.edu/tess/target.php?id=TOI-0828,https://www2.mpia-hd.mpg.de/homes/trifonov/GLS/gls.html?fend=1&url=../Ver_02/HD122173_RVs/HD122173_HARPS_RVBank_ver02_rvsonly.dat&run
TOI0829,TYC7310-1928-1,https://exofop.ipac.caltech.edu/tess/target.php?id=TOI-0829,https://www2.mpia-hd.mpg.de/homes/trifonov/GLS/gls.html?fend=1&url=../Ver_02/TYC7310-1928-1_RVs/TYC7310-1928-1_HARPS_RVBank_ver02_rvsonly.dat&run
TOI0836,HIP73427,https://exofop.ipac.caltech.edu/tess/target.php?id=TOI-0836,https://www2.mpia-hd.mpg.de/homes/trifonov/GLS/gls.html?fend=1&url=../Ver_02/HIP73427_RVs/HIP73427_HARPS_RVBank_ver02_rvsonly.dat&run
TOI0849,TOI-849,https://exofop.ipac.caltech.edu/tess/target.php?id=TOI-0849,https://www2.mpia-hd.mpg.de/homes/trifonov/GLS/gls.html?fend=1&url=../Ver_02/TOI-849_RVs/TOI-849_HARPS_RVBank_ver02_rvsonly.dat&run
TOI0851,TOI-851,https://exofop.ipac.caltech.edu/tess/target.php?id=TOI-0851,https://www2.mpia-hd.mpg.de/homes/trifonov/GLS/gls.html?fend=1&url=../Ver_02/TOI-851_RVs/TOI-851_HARPS_RVBank_ver02_rvsonly.dat&run
TOI0853,TYC7550-294-1,https://exofop.ipac.caltech.edu/tess/target.php?id=TOI-0853,https://www2.mpia-hd.mpg.de/homes/trifonov/GLS/gls.html?fend=1&url=../Ver_02/TYC7550-294-1_RVs/TYC7550-294-1_HARPS_RVBank_ver02_rvsonly.dat&run
TOI0855,BD-02146,https://exofop.ipac.caltech.edu/tess/target.php?id=TOI-0855,https://www2.mpia-hd.mpg.de/homes/trifonov/GLS/gls.html?fend=1&url=../Ver_02/BD-02146_RVs/BD-02146_HARPS_RVBank_ver02_rvsonly.dat&run
TOI0878,TYC8084-545-1,https://exofop.ipac.caltech.edu/tess/target.php?id=TOI-0878,https://www2.mpia-hd.mpg.de/homes/trifonov/GLS/gls.html?fend=1&url=../Ver_02/TYC8084-545-1_RVs/TYC8084-545-1_HARPS_RVBank_ver02_rvsonly.dat&run
TOI0880,HD43629,https://exofop.ipac.caltech.edu/tess/target.php?id=TOI-0880,https://www2.mpia-hd.mpg.de/homes/trifonov/GLS/gls.html?fend=1&url=../Ver_02/HD43629_RVs/HD43629_HARPS_RVBank_ver02_rvsonly.dat&run
TOI0883,TYC4813-492-1,https://exofop.ipac.caltech.edu/tess/target.php?id=TOI-0883,https://www2.mpia-hd.mpg.de/homes/trifonov/GLS/gls.html?fend=1&url=../Ver_02/TYC4813-492-1_RVs/TYC4813-492-1_HARPS_RVBank_ver02_rvsonly.dat&run
TOI0903,TYC9159-80-1,https://exofop.ipac.caltech.edu/tess/target.php?id=TOI-0903,https://www2.mpia-hd.mpg.de/homes/trifonov/GLS/gls.html?fend=1&url=../Ver_02/TYC9159-80-1_RVs/TYC9159-80-1_HARPS_RVBank_ver02_rvsonly.dat&run
TOI0905,TOI-905,https://exofop.ipac.caltech.edu/tess/target.php?id=TOI-0905,https://www2.mpia-hd.mpg.de/homes/trifonov/GLS/gls.html?fend=1&url=../Ver_02/TOI-905_RVs/TOI-905_HARPS_RVBank_ver02_rvsonly.dat&run
TOI0907,TYC9057-870-1,https://exofop.ipac.caltech.edu/tess/target.php?id=TOI-0907,https://www2.mpia-hd.mpg.de/homes/trifonov/GLS/gls.html?fend=1&url=../Ver_02/TYC9057-870-1_RVs/TYC9057-870-1_HARPS_RVBank_ver02_rvsonly.dat&run
TOI0908,TOI-908,https://exofop.ipac.caltech.edu/tess/target.php?id=TOI-0908,https://www2.mpia-hd.mpg.de/homes/trifonov/GLS/gls.html?fend=1&url=../Ver_02/TOI-908_RVs/TOI-908_HARPS_RVBank_ver02_rvsonly.dat&run
TOI0938,TYC5315-221-1,https://exofop.ipac.caltech.edu/tess/target.php?id=TOI-0938,https://www2.mpia-hd.mpg.de/homes/trifonov/GLS/gls.html?fend=1&url=../Ver_02/TYC5315-221-1_RVs/TYC5315-221-1_HARPS_RVBank_ver02_rvsonly.dat&run
TOI0941,TYC111-1915-1,https://exofop.ipac.caltech.edu/tess/target.php?id=TOI-0941,https://www2.mpia-hd.mpg.de/homes/trifonov/GLS/gls.html?fend=1&url=../Ver_02/TYC111-1915-1_RVs/TYC111-1915-1_HARPS_RVBank_ver02_rvsonly.dat&run
TOI0954,CD-251737,https://exofop.ipac.caltech.edu/tess/target.php?id=TOI-0954,https://www2.mpia-hd.mpg.de/homes/trifonov/GLS/gls.html?fend=1&url=../Ver_02/CD-251737_RVs/CD-251737_HARPS_RVBank_ver02_rvsonly.dat&run
TOI0966,TYC4851-299-1,https://exofop.ipac.caltech.edu/tess/target.php?id=TOI-0966,https://www2.mpia-hd.mpg.de/homes/trifonov/GLS/gls.html?fend=1&url=../Ver_02/TYC4851-299-1_RVs/TYC4851-299-1_HARPS_RVBank_ver02_rvsonly.dat&run
TOI0969,TYC183-755-1,https://exofop.ipac.caltech.edu/tess/target.php?id=TOI-0969,https://www2.mpia-hd.mpg.de/homes/trifonov/GLS/gls.html?fend=1&url=../Ver_02/TYC183-755-1_RVs/TYC183-755-1_HARPS_RVBank_ver02_rvsonly.dat&run
TOI1011,HD61051,https://exofop.ipac.caltech.edu/tess/target.php?id=TOI-1011,https://www2.mpia-hd.mpg.de/homes/trifonov/GLS/gls.html?fend=1&url=../Ver_02/HD61051_RVs/HD61051_HARPS_RVBank_ver02_rvsonly.dat&run
TOI1036,CD-415929,https://exofop.ipac.caltech.edu/tess/target.php?id=TOI-1036,https://www2.mpia-hd.mpg.de/homes/trifonov/GLS/gls.html?fend=1&url=../Ver_02/CD-415929_RVs/CD-415929_HARPS_RVBank_ver02_rvsonly.dat&run
TOI1050,WASP-17,https://exofop.ipac.caltech.edu/tess/target.php?id=TOI-1050,https://www2.mpia-hd.mpg.de/homes/trifonov/GLS/gls.html?fend=1&url=../Ver_02/WASP-17_RVs/WASP-17_HARPS_RVBank_ver02_rvsonly.dat&run
TOI1052,HD212729,https://exofop.ipac.caltech.edu/tess/target.php?id=TOI-1052,https://www2.mpia-hd.mpg.de/homes/trifonov/GLS/gls.html?fend=1&url=../Ver_02/HD212729_RVs/HD212729_HARPS_RVBank_ver02_rvsonly.dat&run
TOI1054,HD190622,https://exofop.ipac.caltech.edu/tess/target.php?id=TOI-1054,https://www2.mpia-hd.mpg.de/homes/trifonov/GLS/gls.html?fend=1&url=../Ver_02/HD190622_RVs/HD190622_HARPS_RVBank_ver02_rvsonly.dat&run
TOI1055,HD183579,https://exofop.ipac.caltech.edu/tess/target.php?id=TOI-1055,https://www2.mpia-hd.mpg.de/homes/trifonov/GLS/gls.html?fend=1&url=../Ver_02/HD183579_RVs/HD183579_HARPS_RVBank_ver02_rvsonly.dat&run
TOI1060,HD188394,https://exofop.ipac.caltech.edu/tess/target.php?id=TOI-1060,https://www2.mpia-hd.mpg.de/homes/trifonov/GLS/gls.html?fend=1&url=../Ver_02/HD188394_RVs/HD188394_HARPS_RVBank_ver02_rvsonly.dat&run
TOI1062,TOI-1062,https://exofop.ipac.caltech.edu/tess/target.php?id=TOI-1062,https://www2.mpia-hd.mpg.de/homes/trifonov/GLS/gls.html?fend=1&url=../Ver_02/TOI-1062_RVs/TOI-1062_HARPS_RVBank_ver02_rvsonly.dat&run
TOI1097,HD109833,https://exofop.ipac.caltech.edu/tess/target.php?id=TOI-1097,https://www2.mpia-hd.mpg.de/homes/trifonov/GLS/gls.html?fend=1&url=../Ver_02/HD109833_RVs/HD109833_HARPS_RVBank_ver02_rvsonly.dat&run
TOI1099,GJ4230,https://exofop.ipac.caltech.edu/tess/target.php?id=TOI-1099,https://www2.mpia-hd.mpg.de/homes/trifonov/GLS/gls.html?fend=1&url=../Ver_02/GJ4230_RVs/GJ4230_HARPS_RVBank_ver02_rvsonly.dat&run
TOI1130,TOI-1130,https://exofop.ipac.caltech.edu/tess/target.php?id=TOI-1130,https://www2.mpia-hd.mpg.de/homes/trifonov/GLS/gls.html?fend=1&url=../Ver_02/TOI-1130_RVs/TOI-1130_HARPS_RVBank_ver02_rvsonly.dat&run
TOI1203,HD97507,https://exofop.ipac.caltech.edu/tess/target.php?id=TOI-1203,https://www2.mpia-hd.mpg.de/homes/trifonov/GLS/gls.html?fend=1&url=../Ver_02/HD97507_RVs/HD97507_HARPS_RVBank_ver02_rvsonly.dat&run
TOI1229,TYC9173-77-1,https://exofop.ipac.caltech.edu/tess/target.php?id=TOI-1229,https://www2.mpia-hd.mpg.de/homes/trifonov/GLS/gls.html?fend=1&url=../Ver_02/TYC9173-77-1_RVs/TYC9173-77-1_HARPS_RVBank_ver02_rvsonly.dat&run
TOI1233,HD108236,https://exofop.ipac.caltech.edu/tess/target.php?id=TOI-1233,https://www2.mpia-hd.mpg.de/homes/trifonov/GLS/gls.html?fend=1&url=../Ver_02/HD108236_RVs/HD108236_HARPS_RVBank_ver02_rvsonly.dat&run
TOI1338,TOI-1338,https://exofop.ipac.caltech.edu/tess/target.php?id=TOI-1338,https://www2.mpia-hd.mpg.de/homes/trifonov/GLS/gls.html?fend=1&url=../Ver_02/TOI-1338_RVs/TOI-1338_HARPS_RVBank_ver02_rvsonly.dat&run
TOI1773,HD75732,https://exofop.ipac.caltech.edu/tess/target.php?id=TOI-1773,https://www2.mpia-hd.mpg.de/homes/trifonov/GLS/gls.html?fend=1&url=../Ver_02/HD75732_RVs/HD75732_HARPS_RVBank_ver02_rvsonly.dat&run
TOI1793,HD95338,https://exofop.ipac.caltech.edu/tess/target.php?id=TOI-1793,https://www2.mpia-hd.mpg.de/homes/trifonov/GLS/gls.html?fend=1&url=../Ver_02/HD95338_RVs/HD95338_HARPS_RVBank_ver02_rvsonly.dat&run
TOI1821,HD97658,https://exofop.ipac.caltech.edu/tess/target.php?id=TOI-1821,https://www2.mpia-hd.mpg.de/homes/trifonov/GLS/gls.html?fend=1&url=../Ver_02/HD97658_RVs/HD97658_HARPS_RVBank_ver02_rvsonly.dat&run
TOI1833,WASP-54,https://exofop.ipac.caltech.edu/tess/target.php?id=TOI-1833,https://www2.mpia-hd.mpg.de/homes/trifonov/GLS/gls.html?fend=1&url=../Ver_02/WASP-54_RVs/WASP-54_HARPS_RVBank_ver02_rvsonly.dat&run
TOI1839,TYC304-865-1,https://exofop.ipac.caltech.edu/tess/target.php?id=TOI-1839,https://www2.mpia-hd.mpg.de/homes/trifonov/GLS/gls.html?fend=1&url=../Ver_02/TYC304-865-1_RVs/TYC304-865-1_HARPS_RVBank_ver02_rvsonly.dat&run
TOI1904,TYC8229-2228-1,https://exofop.ipac.caltech.edu/tess/target.php?id=TOI-1904,https://www2.mpia-hd.mpg.de/homes/trifonov/GLS/gls.html?fend=1&url=../Ver_02/TYC8229-2228-1_RVs/TYC8229-2228-1_HARPS_RVBank_ver02_rvsonly.dat&run
TOI1905,WASP-107,https://exofop.ipac.caltech.edu/tess/target.php?id=TOI-1905,https://www2.mpia-hd.mpg.de/homes/trifonov/GLS/gls.html?fend=1&url=../Ver_02/WASP-107_RVs/WASP-107_HARPS_RVBank_ver02_rvsonly.dat&run
TOI1934,TYC7282-1298-1,https://exofop.ipac.caltech.edu/tess/target.php?id=TOI-1934,https://www2.mpia-hd.mpg.de/homes/trifonov/GLS/gls.html?fend=1&url=../Ver_02/TYC7282-1298-1_RVs/TYC7282-1298-1_HARPS_RVBank_ver02_rvsonly.dat&run
TOI1963,TYC8684-1786-1,https://exofop.ipac.caltech.edu/tess/target.php?id=TOI-1963,https://www2.mpia-hd.mpg.de/homes/trifonov/GLS/gls.html?fend=1&url=../Ver_02/TYC8684-1786-1_RVs/TYC8684-1786-1_HARPS_RVBank_ver02_rvsonly.dat&run
TOI1970,TYC8647-2057-1,https://exofop.ipac.caltech.edu/tess/target.php?id=TOI-1970,https://www2.mpia-hd.mpg.de/homes/trifonov/GLS/gls.html?fend=1&url=../Ver_02/TYC8647-2057-1_RVs/TYC8647-2057-1_HARPS_RVBank_ver02_rvsonly.dat&run
TOI2000,TYC8954-1014-1,https://exofop.ipac.caltech.edu/tess/target.php?id=TOI-2000,https://www2.mpia-hd.mpg.de/homes/trifonov/GLS/gls.html?fend=1&url=../Ver_02/TYC8954-1014-1_RVs/TYC8954-1014-1_HARPS_RVBank_ver02_rvsonly.dat&run
TOI2194,GJ1246,https://exofop.ipac.caltech.edu/tess/target.php?id=TOI-2194,https://www2.mpia-hd.mpg.de/homes/trifonov/GLS/gls.html?fend=1&url=../Ver_02/GJ1246_RVs/GJ1246_HARPS_RVBank_ver02_rvsonly.dat&run
TOI2196,TYC9325-163-1,https://exofop.ipac.caltech.edu/tess/target.php?id=TOI-2196,https://www2.mpia-hd.mpg.de/homes/trifonov/GLS/gls.html?fend=1&url=../Ver_02/TYC9325-163-1_RVs/TYC9325-163-1_HARPS_RVBank_ver02_rvsonly.dat&run
TOI2197,HD197286,https://exofop.ipac.caltech.edu/tess/target.php?id=TOI-2197,https://www2.mpia-hd.mpg.de/homes/trifonov/GLS/gls.html?fend=1&url=../Ver_02/HD197286_RVs/HD197286_HARPS_RVBank_ver02_rvsonly.dat&run
TOI2199,TYC7971-310-1,https://exofop.ipac.caltech.edu/tess/target.php?id=TOI-2199,https://www2.mpia-hd.mpg.de/homes/trifonov/GLS/gls.html?fend=1&url=../Ver_02/TYC7971-310-1_RVs/TYC7971-310-1_HARPS_RVBank_ver02_rvsonly.dat&run
TOI2202,TOI-2202,https://exofop.ipac.caltech.edu/tess/target.php?id=TOI-2202,https://www2.mpia-hd.mpg.de/homes/trifonov/GLS/gls.html?fend=1&url=../Ver_02/TOI-2202_RVs/TOI-2202_HARPS_RVBank_ver02_rvsonly.dat&run
TOI2221,GJ803,https://exofop.ipac.caltech.edu/tess/target.php?id=TOI-2221,https://www2.mpia-hd.mpg.de/homes/trifonov/GLS/gls.html?fend=1&url=../Ver_02/GJ803_RVs/GJ803_HARPS_RVBank_ver02_rvsonly.dat&run
TOI2328,TYC9361-870-1,https://exofop.ipac.caltech.edu/tess/target.php?id=TOI-2328,https://www2.mpia-hd.mpg.de/homes/trifonov/GLS/gls.html?fend=1&url=../Ver_02/TYC9361-870-1_RVs/TYC9361-870-1_HARPS_RVBank_ver02_rvsonly.dat&run
TOI2338,TYC7063-698-1,https://exofop.ipac.caltech.edu/tess/target.php?id=TOI-2338,https://www2.mpia-hd.mpg.de/homes/trifonov/GLS/gls.html?fend=1&url=../Ver_02/TYC7063-698-1_RVs/TYC7063-698-1_HARPS_RVBank_ver02_rvsonly.dat&run
TOI2386,TYC5839-876-1,https://exofop.ipac.caltech.edu/tess/target.php?id=TOI-2386,https://www2.mpia-hd.mpg.de/homes/trifonov/GLS/gls.html?fend=1&url=../Ver_02/TYC5839-876-1_RVs/TYC5839-876-1_HARPS_RVBank_ver02_rvsonly.dat&run
TOI2403,BD+01316,https://exofop.ipac.caltech.edu/tess/target.php?id=TOI-2403,https://www2.mpia-hd.mpg.de/homes/trifonov/GLS/gls.html?fend=1&url=../Ver_02/BD+01316_RVs/BD+01316_HARPS_RVBank_ver02_rvsonly.dat&run
TOI2425,TYC4682-800-1,https://exofop.ipac.caltech.edu/tess/target.php?id=TOI-2425,https://www2.mpia-hd.mpg.de/homes/trifonov/GLS/gls.html?fend=1&url=../Ver_02/TYC4682-800-1_RVs/TYC4682-800-1_HARPS_RVBank_ver02_rvsonly.dat&run
TOI2426,BD-21521,https://exofop.ipac.caltech.edu/tess/target.php?id=TOI-2426,https://www2.mpia-hd.mpg.de/homes/trifonov/GLS/gls.html?fend=1&url=../Ver_02/BD-21521_RVs/BD-21521_HARPS_RVBank_ver02_rvsonly.dat&run
TOI2427,TOI-2427,https://exofop.ipac.caltech.edu/tess/target.php?id=TOI-2427,https://www2.mpia-hd.mpg.de/homes/trifonov/GLS/gls.html?fend=1&url=../Ver_02/TOI-2427_RVs/TOI-2427_HARPS_RVBank_ver02_rvsonly.dat&run
TOI2447,CD-321952,https://exofop.ipac.caltech.edu/tess/target.php?id=TOI-2447,https://www2.mpia-hd.mpg.de/homes/trifonov/GLS/gls.html?fend=1&url=../Ver_02/CD-321952_RVs/CD-321952_HARPS_RVBank_ver02_rvsonly.dat&run
TOI2449,CD-341735,https://exofop.ipac.caltech.edu/tess/target.php?id=TOI-2449,https://www2.mpia-hd.mpg.de/homes/trifonov/GLS/gls.html?fend=1&url=../Ver_02/CD-341735_RVs/CD-341735_HARPS_RVBank_ver02_rvsonly.dat&run
TOI2473,HD287319,https://exofop.ipac.caltech.edu/tess/target.php?id=TOI-2473,https://www2.mpia-hd.mpg.de/homes/trifonov/GLS/gls.html?fend=1&url=../Ver_02/HD287319_RVs/HD287319_HARPS_RVBank_ver02_rvsonly.dat&run
TOI2488,TYC8448-76-1,https://exofop.ipac.caltech.edu/tess/target.php?id=TOI-2488,https://www2.mpia-hd.mpg.de/homes/trifonov/GLS/gls.html?fend=1&url=../Ver_02/TYC8448-76-1_RVs/TYC8448-76-1_HARPS_RVBank_ver02_rvsonly.dat&run
TOI2526,TYC9063-510-1,https://exofop.ipac.caltech.edu/tess/target.php?id=TOI-2526,https://www2.mpia-hd.mpg.de/homes/trifonov/GLS/gls.html?fend=1&url=../Ver_02/TYC9063-510-1_RVs/TYC9063-510-1_HARPS_RVBank_ver02_rvsonly.dat&run
TOI2534,TYC8829-3-1,https://exofop.ipac.caltech.edu/tess/target.php?id=TOI-2534,https://www2.mpia-hd.mpg.de/homes/trifonov/GLS/gls.html?fend=1&url=../Ver_02/TYC8829-3-1_RVs/TYC8829-3-1_HARPS_RVBank_ver02_rvsonly.dat&run
TOI2540,HD274255,https://exofop.ipac.caltech.edu/tess/target.php?id=TOI-2540,https://www2.mpia-hd.mpg.de/homes/trifonov/GLS/gls.html?fend=1&url=../Ver_02/HD274255_RVs/HD274255_HARPS_RVBank_ver02_rvsonly.dat&run
TOI2548,TYC211-706-1,https://exofop.ipac.caltech.edu/tess/target.php?id=TOI-2548,https://www2.mpia-hd.mpg.de/homes/trifonov/GLS/gls.html?fend=1&url=../Ver_02/TYC211-706-1_RVs/TYC211-706-1_HARPS_RVBank_ver02_rvsonly.dat&run
TOI2556,TYC797-248-1,https://exofop.ipac.caltech.edu/tess/target.php?id=TOI-2556,https://www2.mpia-hd.mpg.de/homes/trifonov/GLS/gls.html?fend=1&url=../Ver_02/TYC797-248-1_RVs/TYC797-248-1_HARPS_RVBank_ver02_rvsonly.dat&run
TOI2589,TYC7102-426-1,https://exofop.ipac.caltech.edu/tess/target.php?id=TOI-2589,https://www2.mpia-hd.mpg.de/homes/trifonov/GLS/gls.html?fend=1&url=../Ver_02/TYC7102-426-1_RVs/TYC7102-426-1_HARPS_RVBank_ver02_rvsonly.dat&run
TOI2634,TYC50-821-1,https://exofop.ipac.caltech.edu/tess/target.php?id=TOI-2634,https://www2.mpia-hd.mpg.de/homes/trifonov/GLS/gls.html?fend=1&url=../Ver_02/TYC50-821-1_RVs/TYC50-821-1_HARPS_RVBank_ver02_rvsonly.dat&run
TOI2643,K2-132,https://exofop.ipac.caltech.edu/tess/target.php?id=TOI-2643,https://www2.mpia-hd.mpg.de/homes/trifonov/GLS/gls.html?fend=1&url=../Ver_02/K2-132_RVs/K2-132_HARPS_RVBank_ver02_rvsonly.dat&run
TOI2670,TYC7150-787-1,https://exofop.ipac.caltech.edu/tess/target.php?id=TOI-2670,https://www2.mpia-hd.mpg.de/homes/trifonov/GLS/gls.html?fend=1&url=../Ver_02/TYC7150-787-1_RVs/TYC7150-787-1_HARPS_RVBank_ver02_rvsonly.dat&run
TOI3185,TYC8252-1071-1,https://exofop.ipac.caltech.edu/tess/target.php?id=TOI-3185,https://www2.mpia-hd.mpg.de/homes/trifonov/GLS/gls.html?fend=1&url=../Ver_02/TYC8252-1071-1_RVs/TYC8252-1071-1_HARPS_RVBank_ver02_rvsonly.dat&run
TOI3837,TYC1968-371-1,https://exofop.ipac.caltech.edu/tess/target.php?id=TOI-3837,https://www2.mpia-hd.mpg.de/homes/trifonov/GLS/gls.html?fend=1&url=../Ver_02/TYC1968-371-1_RVs/TYC1968-371-1_HARPS_RVBank_ver02_rvsonly.dat&run
TOI4187,HD20143,https://exofop.ipac.caltech.edu/tess/target.php?id=TOI-4187,https://www2.mpia-hd.mpg.de/homes/trifonov/GLS/gls.html?fend=1&url=../Ver_02/HD20143_RVs/HD20143_HARPS_RVBank_ver02_rvsonly.dat&run
TOI4304,BD+101799,https://exofop.ipac.caltech.edu/tess/target.php?id=TOI-4304,https://www2.mpia-hd.mpg.de/homes/trifonov/GLS/gls.html?fend=1&url=../Ver_02/BD+101799_RVs/BD+101799_HARPS_RVBank_ver02_rvsonly.dat&run
TOI4320,HD21520,https://exofop.ipac.caltech.edu/tess/target.php?id=TOI-4320,https://www2.mpia-hd.mpg.de/homes/trifonov/GLS/gls.html?fend=1&url=../Ver_02/HD21520_RVs/HD21520_HARPS_RVBank_ver02_rvsonly.dat&run
TOI4324,GJ3563,https://exofop.ipac.caltech.edu/tess/target.php?id=TOI-4324,https://www2.mpia-hd.mpg.de/homes/trifonov/GLS/gls.html?fend=1&url=../Ver_02/GJ3563_RVs/GJ3563_HARPS_RVBank_ver02_rvsonly.dat&run
TOI4326,HD220928,https://exofop.ipac.caltech.edu/tess/target.php?id=TOI-4326,https://www2.mpia-hd.mpg.de/homes/trifonov/GLS/gls.html?fend=1&url=../Ver_02/HD220928_RVs/HD220928_HARPS_RVBank_ver02_rvsonly.dat&run
TOI4399,HD178085,https://exofop.ipac.caltech.edu/tess/target.php?id=TOI-4399,https://www2.mpia-hd.mpg.de/homes/trifonov/GLS/gls.html?fend=1&url=../Ver_02/HD178085_RVs/HD178085_HARPS_RVBank_ver02_rvsonly.dat&run
TOI4470,GJ4130,https://exofop.ipac.caltech.edu/tess/target.php?id=TOI-4470,https://www2.mpia-hd.mpg.de/homes/trifonov/GLS/gls.html?fend=1&url=../Ver_02/GJ4130_RVs/GJ4130_HARPS_RVBank_ver02_rvsonly.dat&run
TOI4507,HD269434,https://exofop.ipac.caltech.edu/tess/target.php?id=TOI-4507,https://www2.mpia-hd.mpg.de/homes/trifonov/GLS/gls.html?fend=1&url=../Ver_02/HD269434_RVs/HD269434_HARPS_RVBank_ver02_rvsonly.dat&run
TOI4512,EPIC210558622,https://exofop.ipac.caltech.edu/tess/target.php?id=TOI-4512,https://www2.mpia-hd.mpg.de/homes/trifonov/GLS/gls.html?fend=1&url=../Ver_02/EPIC210558622_RVs/EPIC210558622_HARPS_RVBank_ver02_rvsonly.dat&run
TOI4517,GJ9827,https://exofop.ipac.caltech.edu/tess/target.php?id=TOI-4517,https://www2.mpia-hd.mpg.de/homes/trifonov/GLS/gls.html?fend=1&url=../Ver_02/GJ9827_RVs/GJ9827_HARPS_RVBank_ver02_rvsonly.dat&run
TOI4523,TYC2-1155-1,https://exofop.ipac.caltech.edu/tess/target.php?id=TOI-4523,https://www2.mpia-hd.mpg.de/homes/trifonov/GLS/gls.html?fend=1&url=../Ver_02/TYC2-1155-1_RVs/TYC2-1155-1_HARPS_RVBank_ver02_rvsonly.dat&run
TOI4527,GJ3084,https://exofop.ipac.caltech.edu/tess/target.php?id=TOI-4527,https://www2.mpia-hd.mpg.de/homes/trifonov/GLS/gls.html?fend=1&url=../Ver_02/GJ3084_RVs/GJ3084_HARPS_RVBank_ver02_rvsonly.dat&run
TOI4534,K2-55,https://exofop.ipac.caltech.edu/tess/target.php?id=TOI-4534,https://www2.mpia-hd.mpg.de/homes/trifonov/GLS/gls.html?fend=1&url=../Ver_02/K2-55_RVs/K2-55_HARPS_RVBank_ver02_rvsonly.dat&run
TOI4601,HD284113,https://exofop.ipac.caltech.edu/tess/target.php?id=TOI-4601,https://www2.mpia-hd.mpg.de/homes/trifonov/GLS/gls.html?fend=1&url=../Ver_02/HD284113_RVs/HD284113_HARPS_RVBank_ver02_rvsonly.dat&run
TOI4604,HD285181,https://exofop.ipac.caltech.edu/tess/target.php?id=TOI-4604,https://www2.mpia-hd.mpg.de/homes/trifonov/GLS/gls.html?fend=1&url=../Ver_02/HD285181_RVs/HD285181_HARPS_RVBank_ver02_rvsonly.dat&run
TOI4606,HD286123,https://exofop.ipac.caltech.edu/tess/target.php?id=TOI-4606,https://www2.mpia-hd.mpg.de/homes/trifonov/GLS/gls.html?fend=1&url=../Ver_02/HD286123_RVs/HD286123_HARPS_RVBank_ver02_rvsonly.dat&run
TOI4611,HD284927,https://exofop.ipac.caltech.edu/tess/target.php?id=TOI-4611,https://www2.mpia-hd.mpg.de/homes/trifonov/GLS/gls.html?fend=1&url=../Ver_02/HD284927_RVs/HD284927_HARPS_RVBank_ver02_rvsonly.dat&run
TOI4621,WASP-181,https://exofop.ipac.caltech.edu/tess/target.php?id=TOI-4621,https://www2.mpia-hd.mpg.de/homes/trifonov/GLS/gls.html?fend=1&url=../Ver_02/WASP-181_RVs/WASP-181_HARPS_RVBank_ver02_rvsonly.dat&run
TOI4630,CD-2412030,https://exofop.ipac.caltech.edu/tess/target.php?id=TOI-4630,https://www2.mpia-hd.mpg.de/homes/trifonov/GLS/gls.html?fend=1&url=../Ver_02/CD-2412030_RVs/CD-2412030_HARPS_RVBank_ver02_rvsonly.dat&run
TOI4648,BD+10125,https://exofop.ipac.caltech.edu/tess/target.php?id=TOI-4648,https://www2.mpia-hd.mpg.de/homes/trifonov/GLS/gls.html?fend=1&url=../Ver_02/BD+10125_RVs/BD+10125_HARPS_RVBank_ver02_rvsonly.dat&run
TOI4706,TYC6504-948-1,https://exofop.ipac.caltech.edu/tess/target.php?id=TOI-4706,https://www2.mpia-hd.mpg.de/homes/trifonov/GLS/gls.html?fend=1&url=../Ver_02/TYC6504-948-1_RVs/TYC6504-948-1_HARPS_RVBank_ver02_rvsonly.dat&run
TOI4739,HD295605,https://exofop.ipac.caltech.edu/tess/target.php?id=TOI-4739,https://www2.mpia-hd.mpg.de/homes/trifonov/GLS/gls.html?fend=1&url=../Ver_02/HD295605_RVs/HD295605_HARPS_RVBank_ver02_rvsonly.dat&run
TOI4909,TYC8233-68-1,https://exofop.ipac.caltech.edu/tess/target.php?id=TOI-4909,https://www2.mpia-hd.mpg.de/homes/trifonov/GLS/gls.html?fend=1&url=../Ver_02/TYC8233-68-1_RVs/TYC8233-68-1_HARPS_RVBank_ver02_rvsonly.dat&run
TOI5068,EPIC211359660,https://exofop.ipac.caltech.edu/tess/target.php?id=TOI-5068,https://www2.mpia-hd.mpg.de/homes/trifonov/GLS/gls.html?fend=1&url=../Ver_02/EPIC211359660_RVs/EPIC211359660_HARPS_RVBank_ver02_rvsonly.dat&run
TOI5089,EPIC211730024,https://exofop.ipac.caltech.edu/tess/target.php?id=TOI-5089,https://www2.mpia-hd.mpg.de/homes/trifonov/GLS/gls.html?fend=1&url=../Ver_02/EPIC211730024_RVs/EPIC211730024_HARPS_RVBank_ver02_rvsonly.dat&run
TOI5094,GJ3470,https://exofop.ipac.caltech.edu/tess/target.php?id=TOI-5094,https://www2.mpia-hd.mpg.de/homes/trifonov/GLS/gls.html?fend=1&url=../Ver_02/GJ3470_RVs/GJ3470_HARPS_RVBank_ver02_rvsonly.dat&run
TOI5141,HD89345,https://exofop.ipac.caltech.edu/tess/target.php?id=TOI-5141,https://www2.mpia-hd.mpg.de/homes/trifonov/GLS/gls.html?fend=1&url=../Ver_02/HD89345_RVs/HD89345_HARPS_RVBank_ver02_rvsonly.dat&run
TOI5144,BD+072474,https://exofop.ipac.caltech.edu/tess/target.php?id=TOI-5144,https://www2.mpia-hd.mpg.de/homes/trifonov/GLS/gls.html?fend=1&url=../Ver_02/BD+072474_RVs/BD+072474_HARPS_RVBank_ver02_rvsonly.dat&run
TOI5153,TYC5940-155-1,https://exofop.ipac.caltech.edu/tess/target.php?id=TOI-5153,https://www2.mpia-hd.mpg.de/homes/trifonov/GLS/gls.html?fend=1&url=../Ver_02/TYC5940-155-1_RVs/TYC5940-155-1_HARPS_RVBank_ver02_rvsonly.dat&run
TOI5168,K2-27,https://exofop.ipac.caltech.edu/tess/target.php?id=TOI-5168,https://www2.mpia-hd.mpg.de/homes/trifonov/GLS/gls.html?fend=1&url=../Ver_02/K2-27_RVs/K2-27_HARPS_RVBank_ver02_rvsonly.dat&run
TOI5170,EPIC211647930,https://exofop.ipac.caltech.edu/tess/target.php?id=TOI-5170,https://www2.mpia-hd.mpg.de/homes/trifonov/GLS/gls.html?fend=1&url=../Ver_02/EPIC211647930_RVs/EPIC211647930_HARPS_RVBank_ver02_rvsonly.dat&run
TOI5177,HD89577,https://exofop.ipac.caltech.edu/tess/target.php?id=TOI-5177,https://www2.mpia-hd.mpg.de/homes/trifonov/GLS/gls.html?fend=1&url=../Ver_02/HD89577_RVs/HD89577_HARPS_RVBank_ver02_rvsonly.dat&run
TOI5178,K2-165,https://exofop.ipac.caltech.edu/tess/target.php?id=TOI-5178,https://www2.mpia-hd.mpg.de/homes/trifonov/GLS/gls.html?fend=1&url=../Ver_02/K2-165_RVs/K2-165_HARPS_RVBank_ver02_rvsonly.dat&run
TOI5520,K2-266,https://exofop.ipac.caltech.edu/tess/target.php?id=TOI-5520,https://www2.mpia-hd.mpg.de/homes/trifonov/GLS/gls.html?fend=1&url=../Ver_02/K2-266_RVs/K2-266_HARPS_RVBank_ver02_rvsonly.dat&run
TOI5542,TYC9086-1210-1,https://exofop.ipac.caltech.edu/tess/target.php?id=TOI-5542,https://www2.mpia-hd.mpg.de/homes/trifonov/GLS/gls.html?fend=1&url=../Ver_02/TYC9086-1210-1_RVs/TYC9086-1210-1_HARPS_RVBank_ver02_rvsonly.dat&run
TOI5672,WASP-40,https://exofop.ipac.caltech.edu/tess/target.php?id=TOI-5672,https://www2.mpia-hd.mpg.de/homes/trifonov/GLS/gls.html?fend=1&url=../Ver_02/WASP-40_RVs/WASP-40_HARPS_RVBank_ver02_rvsonly.dat&run
TOI5678,TYC7022-871-1,https://exofop.ipac.caltech.edu/tess/target.php?id=TOI-5678,https://www2.mpia-hd.mpg.de/homes/trifonov/GLS/gls.html?fend=1&url=../Ver_02/TYC7022-871-1_RVs/TYC7022-871-1_HARPS_RVBank_ver02_rvsonly.dat&run
TOI5685,TYC339-329-1,https://exofop.ipac.caltech.edu/tess/target.php?id=TOI-5685,https://www2.mpia-hd.mpg.de/homes/trifonov/GLS/gls.html?fend=1&url=../Ver_02/TYC339-329-1_RVs/TYC339-329-1_HARPS_RVBank_ver02_rvsonly.dat&run
TOI5696,BD+072351,https://exofop.ipac.caltech.edu/tess/target.php?id=TOI-5696,https://www2.mpia-hd.mpg.de/homes/trifonov/GLS/gls.html?fend=1&url=../Ver_02/BD+072351_RVs/BD+072351_HARPS_RVBank_ver02_rvsonly.dat&run
TOI5797,WASP-2A,https://exofop.ipac.caltech.edu/tess/target.php?id=TOI-5797,https://www2.mpia-hd.mpg.de/homes/trifonov/GLS/gls.html?fend=1&url=../Ver_02/WASP-2A_RVs/WASP-2A_HARPS_RVBank_ver02_rvsonly.dat&run
TOI5801,WASP-80,https://exofop.ipac.caltech.edu/tess/target.php?id=TOI-5801,https://www2.mpia-hd.mpg.de/homes/trifonov/GLS/gls.html?fend=1&url=../Ver_02/WASP-80_RVs/WASP-80_HARPS_RVBank_ver02_rvsonly.dat&run
TOI5812,TYC552-1060-1,https://exofop.ipac.caltech.edu/tess/target.php?id=TOI-5812,https://www2.mpia-hd.mpg.de/homes/trifonov/GLS/gls.html?fend=1&url=../Ver_02/TYC552-1060-1_RVs/TYC552-1060-1_HARPS_RVBank_ver02_rvsonly.dat&run
TOI5823,BD-055432,https://exofop.ipac.caltech.edu/tess/target.php?id=TOI-5823,https://www2.mpia-hd.mpg.de/homes/trifonov/GLS/gls.html?fend=1&url=../Ver_02/BD-055432_RVs/BD-055432_HARPS_RVBank_ver02_rvsonly.dat&run
TOI5972,HD209458,https://exofop.ipac.caltech.edu/tess/target.php?id=TOI-5972,https://www2.mpia-hd.mpg.de/homes/trifonov/GLS/gls.html?fend=1&url=../Ver_02/HD209458_RVs/HD209458_HARPS_RVBank_ver02_rvsonly.dat&run
TOI6263,HD297396,https://exofop.ipac.caltech.edu/tess/target.php?id=TOI-6263,https://www2.mpia-hd.mpg.de/homes/trifonov/GLS/gls.html?fend=1&url=../Ver_02/HD297396_RVs/HD297396_HARPS_RVBank_ver02_rvsonly.dat&run
TOI6266,HD89965,https://exofop.ipac.caltech.edu/tess/target.php?id=TOI-6266,https://www2.mpia-hd.mpg.de/homes/trifonov/GLS/gls.html?fend=1&url=../Ver_02/HD89965_RVs/HD89965_HARPS_RVBank_ver02_rvsonly.dat&run
TOI6267,HD81968,https://exofop.ipac.caltech.edu/tess/target.php?id=TOI-6267,https://www2.mpia-hd.mpg.de/homes/trifonov/GLS/gls.html?fend=1&url=../Ver_02/HD81968_RVs/HD81968_HARPS_RVBank_ver02_rvsonly.dat&run
TOI6269,TYC6622-794-1,https://exofop.ipac.caltech.edu/tess/target.php?id=TOI-6269,https://www2.mpia-hd.mpg.de/homes/trifonov/GLS/gls.html?fend=1&url=../Ver_02/TYC6622-794-1_RVs/TYC6622-794-1_HARPS_RVBank_ver02_rvsonly.dat&run
TOI6275,TYC6647-516-1,https://exofop.ipac.caltech.edu/tess/target.php?id=TOI-6275,https://www2.mpia-hd.mpg.de/homes/trifonov/GLS/gls.html?fend=1&url=../Ver_02/TYC6647-516-1_RVs/TYC6647-516-1_HARPS_RVBank_ver02_rvsonly.dat&run
TOI6546,HATS-31,https://exofop.ipac.caltech.edu/tess/target.php?id=TOI-6546,https://www2.mpia-hd.mpg.de/homes/trifonov/GLS/gls.html?fend=1&url=../Ver_02/HATS-31_RVs/HATS-31_HARPS_RVBank_ver02_rvsonly.dat&run
TOI6568,TYC8660-1583-1,https://exofop.ipac.caltech.edu/tess/target.php?id=TOI-6568,https://www2.mpia-hd.mpg.de/homes/trifonov/GLS/gls.html?fend=1&url=../Ver_02/TYC8660-1583-1_RVs/TYC8660-1583-1_HARPS_RVBank_ver02_rvsonly.dat&run
TOI6686,TYC8378-64-1,https://exofop.ipac.caltech.edu/tess/target.php?id=TOI-6686,https://www2.mpia-hd.mpg.de/homes/trifonov/GLS/gls.html?fend=1&url=../Ver_02/TYC8378-64-1_RVs/TYC8378-64-1_HARPS_RVBank_ver02_rvsonly.dat&run
TOI6695,TYC6570-1482-1,https://exofop.ipac.caltech.edu/tess/target.php?id=TOI-6695,https://www2.mpia-hd.mpg.de/homes/trifonov/GLS/gls.html?fend=1&url=../Ver_02/TYC6570-1482-1_RVs/TYC6570-1482-1_HARPS_RVBank_ver02_rvsonly.dat&run
TOI6697,HD114082,https://exofop.ipac.caltech.edu/tess/target.php?id=TOI-6697,https://www2.mpia-hd.mpg.de/homes/trifonov/GLS/gls.html?fend=1&url=../Ver_02/HD114082_RVs/HD114082_HARPS_RVBank_ver02_rvsonly.dat&run
TOI6709,HIP54597,https://exofop.ipac.caltech.edu/tess/target.php?id=TOI-6709,https://www2.mpia-hd.mpg.de/homes/trifonov/GLS/gls.html?fend=1&url=../Ver_02/HIP54597_RVs/HIP54597_HARPS_RVBank_ver02_rvsonly.dat&run
TOI6713,HD104067,https://exofop.ipac.caltech.edu/tess/target.php?id=TOI-6713,https://www2.mpia-hd.mpg.de/homes/trifonov/GLS/gls.html?fend=1&url=../Ver_02/HD104067_RVs/HD104067_HARPS_RVBank_ver02_rvsonly.dat&run
TOI6726,HD216530,https://exofop.ipac.caltech.edu/tess/target.php?id=TOI-6726,https://www2.mpia-hd.mpg.de/homes/trifonov/GLS/gls.html?fend=1&url=../Ver_02/HD216530_RVs/HD216530_HARPS_RVBank_ver02_rvsonly.dat&run
TOI6806,TYC8459-487-1,https://exofop.ipac.caltech.edu/tess/target.php?id=TOI-6806,https://www2.mpia-hd.mpg.de/homes/trifonov/GLS/gls.html?fend=1&url=../Ver_02/TYC8459-487-1_RVs/TYC8459-487-1_HARPS_RVBank_ver02_rvsonly.dat&run
TOI6833,K2-138,https://exofop.ipac.caltech.edu/tess/target.php?id=TOI-6833,https://www2.mpia-hd.mpg.de/homes/trifonov/GLS/gls.html?fend=1&url=../Ver_02/K2-138_RVs/K2-138_HARPS_RVBank_ver02_rvsonly.dat&run
TOI6835,K2-141,https://exofop.ipac.caltech.edu/tess/target.php?id=TOI-6835,https://www2.mpia-hd.mpg.de/homes/trifonov/GLS/gls.html?fend=1&url=../Ver_02/K2-141_RVs/K2-141_HARPS_RVBank_ver02_rvsonly.dat&run
TOI6965,HD50554,https://exofop.ipac.caltech.edu/tess/target.php?id=TOI-6965,https://www2.mpia-hd.mpg.de/homes/trifonov/GLS/gls.html?fend=1&url=../Ver_02/HD50554_RVs/HD50554_HARPS_RVBank_ver02_rvsonly.dat&run
TOI6978,GJ1247,https://exofop.ipac.caltech.edu/tess/target.php?id=TOI-6978,https://www2.mpia-hd.mpg.de/homes/trifonov/GLS/gls.html?fend=1&url=../Ver_02/GJ1247_RVs/GJ1247_HARPS_RVBank_ver02_rvsonly.dat&run
